{
	"x": -85.609764,	
	"y": 2261.8025,
	"scale": 4.846961
}