{
	"x": -383.30038,
	"y": 4420.2134,
	"scale": 4.803717
}